index,image_path,predicted_class,confidence,margin,status,prob_Healthy,prob_Early_Blight,prob_Late_Blight,diagnosis_text
1,D:\研究生毕业论文实验\potato_cnn_project\sample_images\Early_Blight_1.jpg,Early_Blight,0.999822,0.999729,confident,9.3e-05,0.999822,8.5e-05,诊断结果：这片叶子疑似患有早疫病。模型置信度为 99.98%，结果可信度很高。该结果通常对应叶面出现褐色坏死斑点或局部病斑扩展等症状。各类别概率分别为：健康 0.01%，早疫病 99.98%，晚疫病 0.01%。建议结合原始叶片图像进行人工复核，并继续观察病斑扩展情况。
2,D:\研究生毕业论文实验\potato_cnn_project\sample_images\Early_Blight_2.jpg,Early_Blight,0.99879,0.997985,confident,0.000805,0.99879,0.000405,诊断结果：这片叶子疑似患有早疫病。模型置信度为 99.88%，结果可信度很高。该结果通常对应叶面出现褐色坏死斑点或局部病斑扩展等症状。各类别概率分别为：健康 0.08%，早疫病 99.88%，晚疫病 0.04%。建议结合原始叶片图像进行人工复核，并继续观察病斑扩展情况。
3,D:\研究生毕业论文实验\potato_cnn_project\sample_images\Early_Blight_3.jpg,Early_Blight,0.999902,0.999832,confident,2.8e-05,0.999902,7e-05,诊断结果：这片叶子疑似患有早疫病。模型置信度为 99.99%，结果可信度很高。该结果通常对应叶面出现褐色坏死斑点或局部病斑扩展等症状。各类别概率分别为：健康 0.00%，早疫病 99.99%，晚疫病 0.01%。建议结合原始叶片图像进行人工复核，并继续观察病斑扩展情况。
4,D:\研究生毕业论文实验\potato_cnn_project\sample_images\Early_Blight_4.jpg,Early_Blight,0.990204,0.980547,confident,0.009656,0.990204,0.00014,诊断结果：这片叶子疑似患有早疫病。模型置信度为 99.02%，结果可信度很高。该结果通常对应叶面出现褐色坏死斑点或局部病斑扩展等症状。各类别概率分别为：健康 0.97%，早疫病 99.02%，晚疫病 0.01%。建议结合原始叶片图像进行人工复核，并继续观察病斑扩展情况。
5,D:\研究生毕业论文实验\potato_cnn_project\sample_images\Early_Blight_5.jpg,Early_Blight,0.999894,0.999817,confident,7.6e-05,0.999894,3e-05,诊断结果：这片叶子疑似患有早疫病。模型置信度为 99.99%，结果可信度很高。该结果通常对应叶面出现褐色坏死斑点或局部病斑扩展等症状。各类别概率分别为：健康 0.01%，早疫病 99.99%，晚疫病 0.00%。建议结合原始叶片图像进行人工复核，并继续观察病斑扩展情况。
6,D:\研究生毕业论文实验\potato_cnn_project\sample_images\Early_Blight_6.jpg,Early_Blight,0.999834,0.999693,confident,2.6e-05,0.999834,0.00014,诊断结果：这片叶子疑似患有早疫病。模型置信度为 99.98%，结果可信度很高。该结果通常对应叶面出现褐色坏死斑点或局部病斑扩展等症状。各类别概率分别为：健康 0.00%，早疫病 99.98%，晚疫病 0.01%。建议结合原始叶片图像进行人工复核，并继续观察病斑扩展情况。
7,D:\研究生毕业论文实验\potato_cnn_project\sample_images\Early_Blight_7.jpg,Early_Blight,0.998349,0.996739,confident,4e-05,0.998349,0.00161,诊断结果：这片叶子疑似患有早疫病。模型置信度为 99.83%，结果可信度很高。该结果通常对应叶面出现褐色坏死斑点或局部病斑扩展等症状。各类别概率分别为：健康 0.00%，早疫病 99.83%，晚疫病 0.16%。建议结合原始叶片图像进行人工复核，并继续观察病斑扩展情况。
8,D:\研究生毕业论文实验\potato_cnn_project\sample_images\Early_Blight_8.jpg,Early_Blight,0.999915,0.999844,confident,1.3e-05,0.999915,7.1e-05,诊断结果：这片叶子疑似患有早疫病。模型置信度为 99.99%，结果可信度很高。该结果通常对应叶面出现褐色坏死斑点或局部病斑扩展等症状。各类别概率分别为：健康 0.00%，早疫病 99.99%，晚疫病 0.01%。建议结合原始叶片图像进行人工复核，并继续观察病斑扩展情况。
9,D:\研究生毕业论文实验\potato_cnn_project\sample_images\Early_Blight_9.jpg,Early_Blight,0.999989,0.99998,confident,3e-06,0.999989,8e-06,诊断结果：这片叶子疑似患有早疫病。模型置信度为 100.00%，结果可信度很高。该结果通常对应叶面出现褐色坏死斑点或局部病斑扩展等症状。各类别概率分别为：健康 0.00%，早疫病 100.00%，晚疫病 0.00%。建议结合原始叶片图像进行人工复核，并继续观察病斑扩展情况。
10,D:\研究生毕业论文实验\potato_cnn_project\sample_images\Healthy_1.jpg,Healthy,0.999747,0.9996,confident,0.999747,0.000147,0.000106,诊断结果：这片叶子判定为健康状态。模型置信度为 99.97%，结果可信度很高。当前未检测到明显的早疫病或晚疫病特征。各类别概率分别为：健康 99.97%，早疫病 0.01%，晚疫病 0.01%。建议继续保持观察，并结合后续图像采集进行周期性监测。
11,D:\研究生毕业论文实验\potato_cnn_project\sample_images\Healthy_2.jpg,Healthy,0.999754,0.999521,confident,0.999754,1.4e-05,0.000232,诊断结果：这片叶子判定为健康状态。模型置信度为 99.98%，结果可信度很高。当前未检测到明显的早疫病或晚疫病特征。各类别概率分别为：健康 99.98%，早疫病 0.00%，晚疫病 0.02%。建议继续保持观察，并结合后续图像采集进行周期性监测。
12,D:\研究生毕业论文实验\potato_cnn_project\sample_images\Healthy_3.jpg,Healthy,0.999997,0.999995,confident,0.999997,1e-06,2e-06,诊断结果：这片叶子判定为健康状态。模型置信度为 100.00%，结果可信度很高。当前未检测到明显的早疫病或晚疫病特征。各类别概率分别为：健康 100.00%，早疫病 0.00%，晚疫病 0.00%。建议继续保持观察，并结合后续图像采集进行周期性监测。
13,D:\研究生毕业论文实验\potato_cnn_project\sample_images\Healthy_4.jpg,Healthy,0.999989,0.999979,confident,0.999989,0.0,1e-05,诊断结果：这片叶子判定为健康状态。模型置信度为 100.00%，结果可信度很高。当前未检测到明显的早疫病或晚疫病特征。各类别概率分别为：健康 100.00%，早疫病 0.00%，晚疫病 0.00%。建议继续保持观察，并结合后续图像采集进行周期性监测。
14,D:\研究生毕业论文实验\potato_cnn_project\sample_images\Healthy_5.jpg,Healthy,0.999992,0.999985,confident,0.999992,1e-06,7e-06,诊断结果：这片叶子判定为健康状态。模型置信度为 100.00%，结果可信度很高。当前未检测到明显的早疫病或晚疫病特征。各类别概率分别为：健康 100.00%，早疫病 0.00%，晚疫病 0.00%。建议继续保持观察，并结合后续图像采集进行周期性监测。
15,D:\研究生毕业论文实验\potato_cnn_project\sample_images\Healthy_6.jpg,Healthy,0.999971,0.999951,confident,0.999971,8e-06,2e-05,诊断结果：这片叶子判定为健康状态。模型置信度为 100.00%，结果可信度很高。当前未检测到明显的早疫病或晚疫病特征。各类别概率分别为：健康 100.00%，早疫病 0.00%，晚疫病 0.00%。建议继续保持观察，并结合后续图像采集进行周期性监测。
16,D:\研究生毕业论文实验\potato_cnn_project\sample_images\Healthy_7.jpg,Healthy,0.999959,0.999919,confident,0.999959,0.0,4.1e-05,诊断结果：这片叶子判定为健康状态。模型置信度为 100.00%，结果可信度很高。当前未检测到明显的早疫病或晚疫病特征。各类别概率分别为：健康 100.00%，早疫病 0.00%，晚疫病 0.00%。建议继续保持观察，并结合后续图像采集进行周期性监测。
17,D:\研究生毕业论文实验\potato_cnn_project\sample_images\Healthy_8.jpg,Healthy,0.999863,0.999727,confident,0.999863,1e-06,0.000136,诊断结果：这片叶子判定为健康状态。模型置信度为 99.99%，结果可信度很高。当前未检测到明显的早疫病或晚疫病特征。各类别概率分别为：健康 99.99%，早疫病 0.00%，晚疫病 0.01%。建议继续保持观察，并结合后续图像采集进行周期性监测。
18,D:\研究生毕业论文实验\potato_cnn_project\sample_images\Healthy_9.jpg,Healthy,0.999987,0.99998,confident,0.999987,5e-06,8e-06,诊断结果：这片叶子判定为健康状态。模型置信度为 100.00%，结果可信度很高。当前未检测到明显的早疫病或晚疫病特征。各类别概率分别为：健康 100.00%，早疫病 0.00%，晚疫病 0.00%。建议继续保持观察，并结合后续图像采集进行周期性监测。
19,D:\研究生毕业论文实验\potato_cnn_project\sample_images\Late_Blight_1.jpg,Late_Blight,0.999983,0.99997,confident,1.3e-05,4e-06,0.999983,诊断结果：这片叶子疑似患有晚疫病。模型置信度为 100.00%，结果可信度很高。该结果通常对应较大面积病斑、组织受损或边缘坏死等表现。各类别概率分别为：健康 0.00%，早疫病 0.00%，晚疫病 100.00%。建议尽快结合实际植株状态进行复核，并关注病害进一步传播风险。
20,D:\研究生毕业论文实验\potato_cnn_project\sample_images\Late_Blight_2.jpg,Late_Blight,0.999955,0.999911,confident,4.5e-05,0.0,0.999955,诊断结果：这片叶子疑似患有晚疫病。模型置信度为 100.00%，结果可信度很高。该结果通常对应较大面积病斑、组织受损或边缘坏死等表现。各类别概率分别为：健康 0.00%，早疫病 0.00%，晚疫病 100.00%。建议尽快结合实际植株状态进行复核，并关注病害进一步传播风险。
21,D:\研究生毕业论文实验\potato_cnn_project\sample_images\Late_Blight_3.jpg,Late_Blight,0.999808,0.99962,confident,4e-06,0.000188,0.999808,诊断结果：这片叶子疑似患有晚疫病。模型置信度为 99.98%，结果可信度很高。该结果通常对应较大面积病斑、组织受损或边缘坏死等表现。各类别概率分别为：健康 0.00%，早疫病 0.02%，晚疫病 99.98%。建议尽快结合实际植株状态进行复核，并关注病害进一步传播风险。
22,D:\研究生毕业论文实验\potato_cnn_project\sample_images\Late_Blight_4.jpg,Late_Blight,1.0,1.0,confident,0.0,0.0,1.0,诊断结果：这片叶子疑似患有晚疫病。模型置信度为 100.00%，结果可信度很高。该结果通常对应较大面积病斑、组织受损或边缘坏死等表现。各类别概率分别为：健康 0.00%，早疫病 0.00%，晚疫病 100.00%。建议尽快结合实际植株状态进行复核，并关注病害进一步传播风险。
23,D:\研究生毕业论文实验\potato_cnn_project\sample_images\Late_Blight_5.jpg,Late_Blight,0.999999,0.999998,confident,0.0,1e-06,0.999999,诊断结果：这片叶子疑似患有晚疫病。模型置信度为 100.00%，结果可信度很高。该结果通常对应较大面积病斑、组织受损或边缘坏死等表现。各类别概率分别为：健康 0.00%，早疫病 0.00%，晚疫病 100.00%。建议尽快结合实际植株状态进行复核，并关注病害进一步传播风险。
24,D:\研究生毕业论文实验\potato_cnn_project\sample_images\Late_Blight_6.jpg,Late_Blight,0.999997,0.999995,confident,2e-06,0.0,0.999997,诊断结果：这片叶子疑似患有晚疫病。模型置信度为 100.00%，结果可信度很高。该结果通常对应较大面积病斑、组织受损或边缘坏死等表现。各类别概率分别为：健康 0.00%，早疫病 0.00%，晚疫病 100.00%。建议尽快结合实际植株状态进行复核，并关注病害进一步传播风险。
25,D:\研究生毕业论文实验\potato_cnn_project\sample_images\Late_Blight_7.jpg,Late_Blight,1.0,1.0,confident,0.0,0.0,1.0,诊断结果：这片叶子疑似患有晚疫病。模型置信度为 100.00%，结果可信度很高。该结果通常对应较大面积病斑、组织受损或边缘坏死等表现。各类别概率分别为：健康 0.00%，早疫病 0.00%，晚疫病 100.00%。建议尽快结合实际植株状态进行复核，并关注病害进一步传播风险。
26,D:\研究生毕业论文实验\potato_cnn_project\sample_images\Late_Blight_8.jpg,Late_Blight,0.999999,0.999999,confident,1e-06,0.0,0.999999,诊断结果：这片叶子疑似患有晚疫病。模型置信度为 100.00%，结果可信度很高。该结果通常对应较大面积病斑、组织受损或边缘坏死等表现。各类别概率分别为：健康 0.00%，早疫病 0.00%，晚疫病 100.00%。建议尽快结合实际植株状态进行复核，并关注病害进一步传播风险。
27,D:\研究生毕业论文实验\potato_cnn_project\sample_images\Late_Blight_9.jpg,Late_Blight,1.0,1.0,confident,0.0,0.0,1.0,诊断结果：这片叶子疑似患有晚疫病。模型置信度为 100.00%，结果可信度很高。该结果通常对应较大面积病斑、组织受损或边缘坏死等表现。各类别概率分别为：健康 0.00%，早疫病 0.00%，晚疫病 100.00%。建议尽快结合实际植株状态进行复核，并关注病害进一步传播风险。
